insert into it01_usuario (it01_cod_usuario, it01_nome, it01_email, it01_senha)
values (1, 'Leonardo', 'leonardo@ithappens.com', 'leonardo@123'),
       (2, 'Donatello', 'donatello@ithappens.com', 'donatello@123'),
       (3, 'Raphael', 'raphael@ithappens.com', 'raphael@123'),
       (4, 'Michelangelo', 'michelangelo@ithappens.com', 'michelangelo@123'),
       (5, 'Splinter', 'splinter@ithappens.com', 'splinter@123');
alter sequence public.it01_usuario_seq restart with 5;

insert into it02_cliente (it02_cod_cliente, it02_nome, it02_cpf)
values (1, 'Odin', '315.774.880-75'),
       (2, 'Frigga', '686.764.740-52'),
       (3, 'Loki', '327.010.520-76'),
       (4, 'Thor', '260.305.790-10'),
       (5, 'Tyr', '269.106.840-44'),
       (6, 'Mimir', '907.862.960-62'),
       (7, 'Aegir', '504.880.470-80'),
       (8, 'Bader', '739.414.110-12');
alter sequence public.it02_cliente_seq restart with 8;

insert into it03_filial (it03_cod_filial, it03_nome)
values (1, 'Filial Bacanga'),
       (2, 'Filial Calhau'),
       (3, 'Filial Mix Curva Do 90'),
       (4, 'Filial Mix Jardim Tropical'),
       (5, 'Filial Rio Anil');
alter sequence public.it03_filial_seq restart with 5;

insert into it04_produto (it04_cod_produto, it04_descricao, it04_codigo_barras, it04_valor)
values (1, 'Pincel Para Pintura Condor Redondo 472 Numero 02', '7891055033326', 4.19),
       (2, 'Giz de Cera Fabre Castell 15x1', '7891360589310', 1.99),
       (3, 'Pincel Para Pintura Condor Chato 471 número', '7891055066621', 1.95),
       (4, 'Tela Para Pintura Souza 24x30cm', '7896309204996', 7.19),
       (5, 'Tela Para Pintura Souza 30x40cm', '7896309205030', 8.59),
       (6, 'Tinta Facial Colormake Cremosa 3x1', '7898903221034', 9.49),
       (7, 'Tinta Guache Acrilex Lavável 6x15ml', '7891153062501', 6.90),
       (8, 'Caixa de Bombom Garoto Sortido 250g', '7891008114003', 6.69),
       (9, 'Ninho Fort + Nestlé Integral Lata', '7891000140307', 11.49),
       (10, 'Achocolatado em pó Nescau 2.0 Actigen 400g', '7891000053508', 4.99),
       (11, 'Arroz Biju 5kg', '7893500203118', 15.45),
       (12, 'Leite Condensado Moça Tp 395g', '7891000065440', 3.19),
       (13, 'Molho de Tomate Bonare Tradicional Sache 340g', '7898905153630', 0.89),
       (14, 'Macarrao Ricosa Espaguete Comum 500g', '7896593401996', 1.59),
       (15, 'Arroz Biju 1kg', '7893500020301', 3.09),
       (16, 'Leite em po Piracanjuba Integral 200g', '7898215152330', 4.09),
       (17, 'Creme de Leite Piracanjuba 200g', '7898215151784', 1.69),
       (18, 'Extrato de Tomate Quero Tp 320g', '7896102502534', 1.49),
       (19, 'Biscoito Pilar Cream Cracker Tradicional 400g', '7896005021095', 2.19),
       (20, 'Manteiga Natural Da Vaca Pote 500g', '7898912485151', 9.99),
       (21, 'Azeite de Oliva Ibero Extra Virgem Vidro 500ml', '8430689622026', 11.99),
       (22, 'Composto Lacteo Ninho Foti+ Instantaneo 380g', '7891000284933', 11.49),
       (23, 'Acucar Cristal Blanco 1kg', '7899676510950', 2.09),
       (24, 'Sardinha Pescador 125g', '7896114901738', 2.39),
       (25, 'Leite Longa Vida Italac Integral 1L', '7898080640611', 3.19),
       (26, 'Sardinha 88 125g', '7891167023017', 2.29),
       (27, 'Café Puro Moido 250g', '7898286200510', 2.99),
       (28, 'File de Peito Frango Sadia PFF 1kg', '7893000482401', 10.49),
       (29, 'Pao de Queijo Maricota Tradicional', '7897076005434', 8.49),
       (30, 'Babida Lactea Moon Morango 950g', '7898046870342', 3.59),
       (31, 'Batata Congelada Cantu 2kg', '7896807416099', 12.49),
       (32, 'Bebida Lactea Pop 540g', '7898061707036', 1.99),
       (33, 'Cerveja Antratica Subzero Lata 269ml', '7891991010900', 1.39),
       (34, 'Whisky Chivas Regal 12 Anos 1l', '80432400432', 99.90),
       (35, 'Vodka Absolut Natural 1l', '7312040017034', 65.90),
       (36, 'Refrigerante Guarana Antartica 2l', '7891991001342', 4.49),
       (37, 'Cerveja Heineken Lata 350ml', '7896045523412', 2.99),
       (38, 'Suco de Uva Integral Galiotto Tinto 1,5l', '7897344204101', 9.90),
       (39, 'Refrigerante Guarana Antartica 350ml', '7891991000826', 1.49),
       (40, 'Espumante Branco Nacional Rio Sol 750ml', '7898921126205', 22.99),
       (41, 'Absorvente Sempre Livre Adapt Suave com Abas 16x18', '7891010793463', 3.79),
       (42, 'Sabonete Protex', '7891024035085', 1.79),
       (43, 'Desodorante Aerosol Dove 89g', '7506306241183', 9.99),
       (44, 'Creme Dental Colgate Total 12 90g', '7793100111143', 5.49),
       (45, 'Detergente Limpol Lavanda', '7891022860955', 1.49),
       (46, 'Agua Sanitaria Economico Branca 1l', '7897312400078', 1.99),
       (47, 'Papel Higienico Sublime Folha Dupla Leve 12 Page 11 30m', '7896061917295', 9.99),
       (48, 'Sabao em po Tixan Caixa 2kg', '7896098900987', 12.29),
       (49, 'Amaciante de Roupa Downy 500ml', '7506195143834', 6.59),
       (50, 'Amaciante de Roupa Confort Concentrado 500ml', '7891150000971', 4.99);
alter sequence public.it04_produto_seq restart with 50;

insert into it05_forma_pagamento (it05_cod_forma_pagamento, it05_descricao)
values (1, 'A VISTA'),
       (2, 'BOLETO'),
       (3, 'CARTAO');
alter sequence public.it05_forma_pagamento_seq restart with 3;

insert into it06_tipo_pedido (it06_cod_tipo_pedido, it06_descricao)
values (1, 'ENTRADA'),
       (2, 'SAIDA');
alter sequence public.it06_tipo_pedido_seq restart with 17;

insert into it07_status_item (it07_cod_status_item, it07_descricao)
values (1, 'ATIVO'),
       (2, 'CANCELADO'),
       (3, 'PROCESSADO');
alter sequence public.it07_status_item_seq restart with 17;

insert into it08_estoque (it08_cod_estoque, it08_quantidade, fkit08it03_cod_filial, fkit08it04_cod_produto)
values (1, 50, 1, 1),
       (2, 50, 1, 2),
       (3, 50, 1, 3),
       (4, 50, 1, 4),
       (5, 50, 1, 5),
       (6, 50, 1, 6),
       (7, 50, 1, 7),
       (8, 50, 1, 8),
       (9, 50, 1, 9),
       (10, 50, 1, 10),
       (11, 50, 1, 11),
       (12, 50, 1, 12),
       (13, 50, 1, 13),
       (14, 50, 1, 14),
       (15, 50, 1, 15),
       (16, 50, 1, 16),
       (17, 50, 1, 17),
       (18, 50, 1, 18),
       (19, 50, 1, 19),
       (20, 50, 1, 20),
       (21, 50, 1, 21),
       (22, 50, 1, 22),
       (23, 50, 1, 23),
       (24, 50, 1, 24),
       (25, 50, 1, 25),
       (26, 50, 1, 26),
       (27, 50, 1, 27),
       (28, 50, 1, 28),
       (29, 50, 1, 29),
       (30, 50, 1, 30),
       (31, 50, 1, 31),
       (32, 50, 1, 32),
       (33, 50, 1, 33),
       (34, 50, 1, 34),
       (35, 50, 1, 35),
       (36, 50, 1, 36),
       (37, 50, 1, 37),
       (38, 50, 1, 38),
       (39, 50, 1, 39),
       (40, 50, 1, 40),
       (41, 50, 1, 41),
       (42, 50, 1, 42),
       (43, 50, 1, 43),
       (44, 50, 1, 44),
       (45, 50, 1, 45),
       (46, 50, 1, 46),
       (47, 50, 1, 47),
       (48, 50, 1, 48),
       (49, 50, 1, 49),
       (50, 50, 1, 50),
       (51, 50, 2, 1),
       (52, 50, 2, 2),
       (53, 50, 2, 3),
       (54, 50, 2, 4),
       (55, 50, 2, 5),
       (56, 50, 2, 6),
       (57, 50, 2, 7),
       (58, 50, 2, 8),
       (59, 50, 2, 9),
       (60, 50, 2, 10),
       (61, 50, 2, 11),
       (62, 50, 2, 12),
       (63, 50, 2, 13),
       (64, 50, 2, 14),
       (65, 50, 2, 15),
       (66, 50, 2, 16),
       (67, 50, 2, 17),
       (68, 50, 2, 18),
       (69, 50, 2, 19),
       (70, 50, 2, 20),
       (71, 50, 2, 21),
       (72, 50, 2, 22),
       (73, 50, 2, 23),
       (74, 50, 2, 24),
       (75, 50, 2, 25),
       (76, 50, 2, 26),
       (77, 50, 2, 27),
       (78, 50, 2, 28),
       (79, 50, 2, 29),
       (80, 50, 2, 30),
       (81, 50, 2, 31),
       (82, 50, 2, 32),
       (83, 50, 2, 33),
       (84, 50, 2, 34),
       (85, 50, 2, 35),
       (86, 50, 2, 36),
       (87, 50, 2, 37),
       (88, 50, 2, 38),
       (89, 50, 2, 39),
       (90, 50, 2, 40),
       (91, 50, 2, 41),
       (92, 50, 2, 42),
       (93, 50, 2, 43),
       (94, 50, 2, 44),
       (95, 50, 2, 45),
       (96, 50, 2, 46),
       (97, 50, 2, 47),
       (98, 50, 2, 48),
       (99, 50, 2, 49),
       (100, 50, 2, 50),
       (101, 50, 3, 1),
       (102, 50, 3, 2),
       (103, 50, 3, 3),
       (104, 50, 3, 4),
       (105, 50, 3, 5),
       (106, 50, 3, 6),
       (107, 50, 3, 7),
       (108, 50, 3, 8),
       (109, 50, 3, 9),
       (110, 50, 3, 10),
       (111, 50, 3, 11),
       (112, 50, 3, 12),
       (113, 50, 3, 13),
       (114, 50, 3, 14),
       (115, 50, 3, 15),
       (116, 50, 3, 16),
       (117, 50, 3, 17),
       (118, 50, 3, 18),
       (119, 50, 3, 19),
       (120, 50, 3, 20),
       (121, 50, 3, 21),
       (122, 50, 3, 22),
       (123, 50, 3, 23),
       (124, 50, 3, 24),
       (125, 50, 3, 25),
       (126, 50, 3, 26),
       (127, 50, 3, 27),
       (128, 50, 3, 28),
       (129, 50, 3, 29),
       (130, 50, 3, 30),
       (131, 50, 3, 31),
       (132, 50, 3, 32),
       (133, 50, 3, 33),
       (134, 50, 3, 34),
       (135, 50, 3, 35),
       (136, 50, 3, 36),
       (137, 50, 3, 37),
       (138, 50, 3, 38),
       (139, 50, 3, 39),
       (140, 50, 3, 40),
       (141, 50, 3, 41),
       (142, 50, 3, 42),
       (143, 50, 3, 43),
       (144, 50, 3, 44),
       (145, 50, 3, 45),
       (146, 50, 3, 46),
       (147, 50, 3, 47),
       (148, 50, 3, 48),
       (149, 50, 3, 49),
       (150, 50, 3, 50),
       (151, 50, 4, 1),
       (152, 50, 4, 2),
       (153, 50, 4, 3),
       (154, 50, 4, 4),
       (155, 50, 4, 5),
       (156, 50, 4, 6),
       (157, 50, 4, 7),
       (158, 50, 4, 8),
       (159, 50, 4, 9),
       (160, 50, 4, 10),
       (161, 50, 4, 11),
       (162, 50, 4, 12),
       (163, 50, 4, 13),
       (164, 50, 4, 14),
       (165, 50, 4, 15),
       (166, 50, 4, 16),
       (167, 50, 4, 17),
       (168, 50, 4, 18),
       (169, 50, 4, 19),
       (170, 50, 4, 20),
       (171, 50, 4, 21),
       (172, 50, 4, 22),
       (173, 50, 4, 23),
       (174, 50, 4, 24),
       (175, 50, 4, 25),
       (176, 50, 4, 26),
       (177, 50, 4, 27),
       (178, 50, 4, 28),
       (179, 50, 4, 29),
       (180, 50, 4, 30),
       (181, 50, 4, 31),
       (182, 50, 4, 32),
       (183, 50, 4, 33),
       (184, 50, 4, 34),
       (185, 50, 4, 35),
       (186, 50, 4, 36),
       (187, 50, 4, 37),
       (188, 50, 4, 38),
       (189, 50, 4, 39),
       (190, 50, 4, 40),
       (191, 50, 4, 41),
       (192, 50, 4, 42),
       (193, 50, 4, 43),
       (194, 50, 4, 44),
       (195, 50, 4, 45),
       (196, 50, 4, 46),
       (197, 50, 4, 47),
       (198, 50, 4, 48),
       (199, 50, 4, 49),
       (200, 50, 4, 50),
       (201, 50, 5, 1),
       (202, 50, 5, 2),
       (203, 50, 5, 3),
       (204, 50, 5, 4),
       (205, 50, 5, 5),
       (206, 50, 5, 6),
       (207, 50, 5, 7),
       (208, 50, 5, 8),
       (209, 50, 5, 9),
       (210, 50, 5, 10),
       (211, 50, 5, 11),
       (212, 50, 5, 12),
       (213, 50, 5, 13),
       (214, 50, 5, 14),
       (215, 50, 5, 15),
       (216, 50, 5, 16),
       (217, 50, 5, 17),
       (218, 50, 5, 18),
       (219, 50, 5, 19),
       (220, 50, 5, 20),
       (221, 50, 5, 21),
       (222, 50, 5, 22),
       (223, 50, 5, 23),
       (224, 50, 5, 24),
       (225, 50, 5, 25),
       (226, 50, 5, 26),
       (227, 50, 5, 27),
       (228, 50, 5, 28),
       (229, 50, 5, 29),
       (230, 50, 5, 30),
       (231, 50, 5, 31),
       (232, 50, 5, 32),
       (233, 50, 5, 33),
       (234, 50, 5, 34),
       (235, 50, 5, 35),
       (236, 50, 5, 36),
       (237, 50, 5, 37),
       (238, 50, 5, 38),
       (239, 50, 5, 39),
       (240, 50, 5, 40),
       (241, 50, 5, 41),
       (242, 50, 5, 42),
       (243, 50, 5, 43),
       (244, 50, 5, 44),
       (245, 50, 5, 45),
       (246, 50, 5, 46),
       (247, 50, 5, 47),
       (248, 50, 5, 48),
       (249, 50, 5, 49),
       (250, 50, 5, 50);
alter sequence public.it08_estoque_seq restart with 250;
